{"rel_orbit.uplink.pos": [5528734.4295274755, 3050451.107367515, 3010105.4967941046], "rel_orbit.uplink.vel": [-4212.8136455046, 4457.743689144933, 4263.474354210267], "rel_orbit.uplink.time": 